{"cameraMode":{"drawMode":0,"name":"Shaded","section":"Shading Mode"},"sceneLighting":true,"audioPlay":false,"sceneViewState":{"showFog":true,"showMaterialUpdate":false,"showSkybox":true,"showFlares":true,"showImageEffects":true,"showParticleSystems":true},"in2DMode":false,"pivot":{"x":-257.0353088378906,"y":70.27445220947266,"z":60.60538864135742},"rotation":{"x":0.20597073435783387,"y":0.7084959745407105,"z":-0.22992673516273499,"w":0.6346595883369446},"size":1.6587088108062745,"orthographic":false}